"n0004_0000149","https://images-eu.ssl-images-amazon.com/images/I/51d65omDaVL._AC_US1150_.jpg","bottle"
"n0002_0000302","https://images-eu.ssl-images-amazon.com/images/I/41h8zV3-9iL._AC_US1150_.jpg","make up for ever star powder, plum"
"n0003_0000315","https://images-na.ssl-images-amazon.com/images/I/71UpSiR1DmL._SX522_.jpg","lumiere express permanent color cream #8.3 (light golden blonde) 100m"
"n0005_0000140","https://images-eu.ssl-images-amazon.com/images/I/418itBkRvGL._AC_US1150_.jpg","hei poa body butter 200 ml"
"n0001_0000527","https://n.nordstrommedia.com/ImageGallery/store/product/Zoom/6/_6385586.jpg","lancome star bronzer intense"
"n0001_0000529","https://images-na.ssl-images-amazon.com/images/I/51DaHfHIC9L._SX522_.jpg","my wish list you opi"
"n0003_0000316","https://images-na.ssl-images-amazon.com/images/I/61EXXfqnTYL._SX522_.jpg","Comb"
"n0001_0000531","https://images-na.ssl-images-amazon.com/images/I/31bTgSSPnWL.jpg","noyah lipstick smoke"
"n0003_0000318","https://images-na.ssl-images-amazon.com/images/I/41h5N6-GRIL.jpg","natural vs permed hair"
"n0005_0000141","https://images-eu.ssl-images-amazon.com/images/I/41Pz4pnyndL._AC_US1150_.jpg","Moisturizer"
"n0003_0000319","https://images-eu.ssl-images-amazon.com/images/I/41JDw7TvNdL._AC_US1150_.jpg","Headband"
"n0003_0000320","https://images-na.ssl-images-amazon.com/images/I/71ukiPT6A5L._SX522_.jpg","cosmetics"
"n0001_0000532","https://images-eu.ssl-images-amazon.com/images/I/31hO+NlIdJL._AC_US1150_.jpg","Cotton pad"
"n0001_0000533","https://images-eu.ssl-images-amazon.com/images/I/411rvaGNGTL._AC_US1150_.jpg","etude eyeshadow look at my eyes palette"
"n0002_0000304","https://images-eu.ssl-images-amazon.com/images/I/51vTbX61BoL._AC_US1150_.jpg","qyanf six peptides original liquid"
"n0003_0000321","https://images-eu.ssl-images-amazon.com/images/I/415z3jkN1dL._AC_US1150_.jpg","glass bottle"
"n0001_0000534","https://b.cdnsbn.com/images/products/l/17776105202.jpg","balm balmshelter tinted moisturizer review"
"n0002_0000305","https://images-na.ssl-images-amazon.com/images/I/51C6zIk38tL._SY679_.jpg","lumene sisu urban intense hydrating serum 30ml"
"n0002_0000306","https://images-na.ssl-images-amazon.com/images/I/41YZQlhT2kL.jpg","cosmetics made in usa inc. kaffÉ anti aging protective serum"
"n0001_0000535","https://images-eu.ssl-images-amazon.com/images/I/41JmDIAiRIL._AC_US1150_.jpg","corded phone"
"n0003_0000322","https://images-eu.ssl-images-amazon.com/images/I/41paJluhfsL._AC_US1150_.jpg","murray's hair-glo soft dressing pomade lanolin"
"n0001_0000536","https://images-eu.ssl-images-amazon.com/images/I/513239odJBL._AC_US1150_.jpg","Artificial nails"
"n0001_0000537","https://n.nordstrommedia.com/ImageGallery/store/product/Zoom/6/_102386686.jpg","lily pad cut out"
"n0001_0000538","https://a.cdnsbn.com/images/products/l/17361402602.jpg","nars radiant creamy concealer"
"n0001_0000539","https://images-na.ssl-images-amazon.com/images/I/51sOL3IbyiL.jpg","huntgold 7 colors set new nail art strip tape line tips sticker decoration manicure decal"
"n0001_0000540","https://images-eu.ssl-images-amazon.com/images/I/41NI-ee853L._AC_US1150_.jpg","a'pieu haru tattoo brow #1 dark brown"
"n0002_0000307","https://images-eu.ssl-images-amazon.com/images/I/41HmSPDal2L._AC_US1150_.jpg","nutriglow gold kesar face wash"
"n0004_0000150","https://images-eu.ssl-images-amazon.com/images/I/41q2193j1FL._AC_US1150_.jpg","etude house curl fix mascara long lash"
"n0003_0000323","https://images-na.ssl-images-amazon.com/images/I/41K9FdTA94L.jpg","Magnesium oil"
"n0001_0000541","https://d10qoa1dy3vloz.cloudfront.net/resized/1200x1440/media/catalog/product/p/e/per024_perriconemd_nolipsticklipstick_780x980.jpg","perricone md no lipstick lipstick"
"n0001_0000542","https://images-eu.ssl-images-amazon.com/images/I/316XQYhd8IL._AC_US1150_.jpg","l oreal telescopic mascara"
"n0003_0000324","https://images-eu.ssl-images-amazon.com/images/I/31t+kfMsDfL._AC_US1150_.jpg","matrix fiberstrong"
"n0005_0000143","https://images-eu.ssl-images-amazon.com/images/I/41BD82kGH8L._AC_US1150_.jpg","benefit dandelion blush liquid"
"n0005_0000144","https://images-eu.ssl-images-amazon.com/images/I/41AWlVp8+rL._AC_US1150_.jpg","false 2 bottle penis enlargement oil delay spray increases pumps enlargers men genitals care maintenance"
"n0003_0000325","https://images-na.ssl-images-amazon.com/images/I/81icJ6%2BRSuL._SY679_.jpg","nike extreme woman deodorant 200 ml with free ayur sunscreen 50 ml"
"n0001_0000543","https://c.cdnsbn.com/images/products/l/18237780702.jpg","meteorites baby glow spf 25 - #3 medium"
"n0002_0000309","https://images-eu.ssl-images-amazon.com/images/I/51FoTtAkSXL._AC_US1150_.jpg","biotherm skin ergetic"
"n0004_0000151","https://a.cdnsbn.com/images/products/l/18233179505.jpg","273 beverly hills perfume"
"n0004_0000152","https://images-eu.ssl-images-amazon.com/images/I/413CWEikU1L._AC_US1150_.jpg","giorgio beverly hills"
"n0001_0000545","https://images-eu.ssl-images-amazon.com/images/I/31OgB3IC1QL._AC_US1150_.jpg","neutrogena oil-free eye makeup remover - 5.5 fl oz"
"n0001_0000546","https://images-na.ssl-images-amazon.com/images/I/31R2mzMPFpL.jpg","nars blush 3.5 g"
"n0005_0000145","https://images-eu.ssl-images-amazon.com/images/I/21nYPb9VTaL._AC_US1150_.jpg","jean charles brossea ombre rose foaming bath"
"n0004_0000153","https://images-eu.ssl-images-amazon.com/images/I/51+rR+P4HbL._AC_US1150_.jpg","hott & naughty girl naughty girl touch perfume for women (pocket perfume) - pack of 1, 60ml (each)"
"n0003_0000326","https://images-na.ssl-images-amazon.com/images/I/71TH9YWN5PL._SX522_.jpg","bergamot : hair lotion kaffir lime eliminate dandruff, cure itchy scalp, prevent hair loss 90 ml. best seller... ( by abobon )best sellers"
"n0003_0000327","https://images-na.ssl-images-amazon.com/images/I/61XB-FVrnjL._SX522_.jpg","roots 36 pocket comb"
"n0003_0000328","https://d.cdnsbn.com/images/products/l/21576599344.jpg","davines love curl conditioner - for wavy or curly hair"
"n0002_0000311","https://n.nordstrommedia.com/ImageGallery/store/product/Zoom/2/_11452322.jpg","re nutriv estee lauder"
"n0007_0000024","https://images-na.ssl-images-amazon.com/images/I/41sQ3XyaQbL.jpg","little moon essentials tired old ass soak mineral bath 12 oz"
"n0001_0000548","http://gdimg.gmarket.co.kr/goods_image2/middle_jpgimg/128/750/1287505567.jpg","suqqu eye color palette 02 kinshiseki"
"n0001_0000549","http://gdimg.gmarket.co.kr/goods_image2/middle_jpgimg/127/416/1274169601.jpg","lip gloss"
"n0001_0000550","https://images-na.ssl-images-amazon.com/images/I/51B6T37lL5L._SX522_.jpg","rotary international pen"
"n0003_0000330","https://images-na.ssl-images-amazon.com/images/I/31k5gu0EdaL.jpg","apivita shampoo with almond & honey (for dry-dehydrated hair) 250ml"
"n0003_0000331","https://images-eu.ssl-images-amazon.com/images/I/51xTOCWmLEL._AC_US1150_.jpg","plastic bottle"
"n0003_0000332","https://images-eu.ssl-images-amazon.com/images/I/31FW9vs7WQL._AC_US1150_.jpg","joico joifix medium finishing spray"
"n0001_0000551","https://images-na.ssl-images-amazon.com/images/I/21Q8PMPHGNL.jpg","eye shadow"
"n0004_0000154","https://images-eu.ssl-images-amazon.com/images/I/41Vndv51-sL._AC_US1150_.jpg","perfume"
"n0001_0000552","http://gdimg.gmarket.co.kr/goods_image2/middle_jpgimg/124/831/1248313127.jpg","my beauty tool eye shadow palette 4colors"
"n0005_0000146","https://images-eu.ssl-images-amazon.com/images/I/51G8ONpE-XL._AC_US1150_.jpg","clipper pure green 26 teabags delivered worldwide"
"n0002_0000313","https://images-eu.ssl-images-amazon.com/images/I/41LN39FAdEL._AC_US1150_.jpg","guinot masque vital antirides anti-wrinkle mask 50ml"
"n0001_0000553","https://images-na.ssl-images-amazon.com/images/I/51D3fKOAQVL.jpg","gel nail polish, pick any 20 colors belen 3-1 thermal color changing chameleon soak off lacquer uv led manicure nail art varnish"
"n0001_0000554","https://images-na.ssl-images-amazon.com/images/I/911KiAHPezL._SX522_.jpg","avon beyound color lipstick spf 15 sunscreen mad for mauve"
"n0003_0000333","https://images-na.ssl-images-amazon.com/images/I/71COnBFPzlL._SY679_.jpg","Not Supported"
"n0001_0000555","https://images-na.ssl-images-amazon.com/images/I/51RUDz6bsGL._SX522_.jpg","la girl matte flat finish pigment lip gloss instinct"
"n0001_0000556","https://images-na.ssl-images-amazon.com/images/I/51JXWPjv8EL.jpg","makeup geek midnight sun highlighter"
"n0004_0000156","https://images-eu.ssl-images-amazon.com/images/I/41Qa8bk20PL._AC_US1150_.jpg","Not Supported"
"n0001_0000557","https://images-eu.ssl-images-amazon.com/images/I/51btMGWwR7L._AC_US1150_.jpg","adbeni combo make up set pack of 12pcs"
"n0001_0000558","https://images-eu.ssl-images-amazon.com/images/I/41udpCFVp5L._AC_US1150_.jpg","hera age reverse cushion spf38 / pa+++ (n23 beige natural)"
"n0003_0000334","https://images-eu.ssl-images-amazon.com/images/I/51zkYhqkmpL._AC_US1150_.jpg","cakeshop 12 x pre-cut captain america (superheros) edible cake toppers"
"n0001_0000559","https://images-na.ssl-images-amazon.com/images/I/51mQatpiuQL.jpg","hourglass ambient lighting blush palette"
"n0004_0000157","https://images-eu.ssl-images-amazon.com/images/I/31EpLCJcm5L._AC_US1150_.jpg","brut black fragrance for men cologne spray 3 oz"
"n0002_0000315","http://img14.360buyimg.com/n1/s546x546_jfs/t19510/67/361261218/314579/eac3d987/5a6efb02Nf420a8ee.jpg","小 猪 班 纳"
"n0001_0000562","http://gdimg.gmarket.co.kr/goods_image2/middle_jpgimg/129/184/1291848697.jpg","mascara"
"n0005_0000147","https://images-eu.ssl-images-amazon.com/images/I/31MFS-oQTVL._AC_US1150_.jpg","sigma beauty f03 - high cheekbone highlighter"
"n0002_0000318","https://images-eu.ssl-images-amazon.com/images/I/31wxhIB8H9L._AC_US1150_.jpg","drunk elephant lip balm"
"n0001_0000563","https://images-na.ssl-images-amazon.com/images/I/71I%2BrSwwqHL._SX522_.jpg","yueton pack of 100 professional nail manicure sanding bands grit file"
"n0003_0000336","https://images-eu.ssl-images-amazon.com/images/I/41Y0sGqyzVL._AC_US1150_.jpg","Penetrating oil"
"n0004_0000158","https://images-eu.ssl-images-amazon.com/images/I/41VlpH0ivUL._AC_US1150_.jpg","jovan white musk for men cologne 88ml"
"n0003_0000337","https://images-na.ssl-images-amazon.com/images/I/51rhsVmmFtL._SY679_.jpg","batiste dry shampoo original"
"n0002_0000319","https://images-eu.ssl-images-amazon.com/images/I/61YCmwdYUiL._AC_US1150_.jpg","Facial"
"n0001_0000564","https://images-na.ssl-images-amazon.com/images/I/81kRUywQMeL._SX522_.jpg","maybelline eyeshadow duo brown"
"n0003_0000338","https://images-na.ssl-images-amazon.com/images/I/71WmxFAV-eL._SX522_.jpg","Hair coloring"
"n0001_0000565","https://d10qoa1dy3vloz.cloudfront.net/resized/1200x1440/slots-img/jou/jou035_jouer_antiagingmoistureprimer_1560x1960-4zgmc.jpg","jouer anti blemish matte primer"
"n0003_0000339","https://images-na.ssl-images-amazon.com/images/I/714ibLUgXXL._SX522_.jpg","boe doctor cabello multi action shampoo for color treated hair 8 oz"
"n0001_0000566","https://images-na.ssl-images-amazon.com/images/I/410Z6SZCAeL.jpg","absolute new york spritz 2 fix"
"n0003_0000340","https://images-eu.ssl-images-amazon.com/images/I/314Dkf7jQLL._AC_US1150_.jpg","Not Supported"
"n0003_0000342","https://images-na.ssl-images-amazon.com/images/I/31eckuBmgvL.jpg","woody's daily conditioner for men, 12 ounce"
"n0001_0000567","https://images-na.ssl-images-amazon.com/images/I/51lYguYgWRL._SX522_.jpg","shiseido ginza tokyo rouge rouge"
"n0001_0000568","https://images-eu.ssl-images-amazon.com/images/I/51Q+yNHWrAL._AC_US1150_.jpg","berta 1875w ceramic ionic hair dryer 2 speeds 3 temperatures settings shc 108a"
"n0003_0000343","https://images-eu.ssl-images-amazon.com/images/I/41NdHtLDbGL._AC_US1150_.jpg","Hair conditioner"
"n0002_0000321","https://www.sephora.com/productimages/sku/s1335918-main-zoom.jpg","cosmetics"
"n0001_0000570","https://n.nordstrommedia.com/ImageGallery/store/product/Zoom/13/_11318973.jpg","christian louboutin lip liner"
"n0004_0000159","https://images-eu.ssl-images-amazon.com/images/I/31v-sqWPk-L._AC_US1150_.jpg","cosmetics"
"n0003_0000344","https://images-eu.ssl-images-amazon.com/images/I/31YyHYAuFKL._AC_US1150_.jpg","korres cystine & glycoproteins shampoo for women 250ml"
"n0003_0000345","https://images-na.ssl-images-amazon.com/images/I/21cUsccfV5L.jpg","tressa quenching shampoo liter size"
"n0001_0000571","https://images-na.ssl-images-amazon.com/images/I/61Il6cne2SL._SX522_.jpg","smartphone"
"n0002_0000322","https://images-na.ssl-images-amazon.com/images/I/81rg5J6-EtL._SY679_.jpg","humphreys - witch hazel astringent - 16 oz."
"n0005_0000148","https://images-eu.ssl-images-amazon.com/images/I/31Ez8B-rlnL._AC_US1150_.jpg","soothing touch narayan balm gel - regular - 60ml - case of 6"
"n0002_0000323","https://images-eu.ssl-images-amazon.com/images/I/41aIiKu+8zL._AC_US1150_.jpg","nyx glitter apple"
"n0001_0000572","http://gdimg.gmarket.co.kr/goods_image2/middle_jpgimg/955/441/955441035.jpg","makeup brushes"
"n0001_0000573","https://images-eu.ssl-images-amazon.com/images/I/51PB7lqeFVL._AC_US1150_.jpg","kao megurhythm steam hot eye mask, 0.5 pound"
