"n0005_0000001","https://images-eu.ssl-images-amazon.com/images/I/4190W3eAD6L._AC_US1150_.jpg","long lasting lipstick waterproof matte liquid gloss lip liner"
"n0005_0000002","https://images-eu.ssl-images-amazon.com/images/I/41teEVMi+4L._AC_US1150_.jpg","mandarin orange"
"n0003_0000001","https://images-na.ssl-images-amazon.com/images/I/91TgZbjtbaL._SY679_.jpg","okay okay-charc12 12 oz, 355 ml charcoal oil conditioner"
"n0003_0000002","https://images-na.ssl-images-amazon.com/images/I/71m5OFkXBOL._SX522_.jpg","it's a 10 miracle whipped styling balm 5 oz"
"n0005_0000003","https://images-na.ssl-images-amazon.com/images/I/71Zs581kVQL._SX522_.jpg","bath and body works warm vanilla sugar"
"n0003_0000003","https://images-na.ssl-images-amazon.com/images/I/51wAQI8NFTL._SX522_.jpg","cosmetics"
"n0001_0000001","https://images-eu.ssl-images-amazon.com/images/I/41PTURw+WNL._AC_US1150_.jpg","plastic bottle"
"n0003_0000004","https://images-na.ssl-images-amazon.com/images/I/61CM0QWwHuL._SY679_.jpg","giovanni ultra moist shampoo"
"n0001_0000002","https://images-na.ssl-images-amazon.com/images/I/61kZNJfRUxL._SX522_.jpg","kiara sky dip powder"
"n0001_0000003","http://gdimg.gmarket.co.kr/goods_image2/middle_jpgimg/117/037/1170370288.jpg","burt's bees rhubarb lip shimmer"
"n0003_0000005","https://images-na.ssl-images-amazon.com/images/I/31W0nGS4g7L.jpg","keune so pure argan oil"
"n0003_0000006","https://images-na.ssl-images-amazon.com/images/I/11PpzIB-93L.jpg","arimino spice sisters shining straight 35g"
"n0001_0000004","https://images-na.ssl-images-amazon.com/images/I/31sa0P3CVJL.jpg","publication"
"n0001_0000005","https://images-eu.ssl-images-amazon.com/images/I/61X+H3ALSGL._AC_US1150_.jpg","m : igemy new metal chrome nail polish powder pigment changing colours holographic effect (m)"
"n0002_0000004","https://n.nordstrommedia.com/ImageGallery/store/product/Zoom/2/_101352962.jpg","botanical kinetics purifying gel cleanser"
"n0001_0000006","http://gdimg.gmarket.co.kr/goods_image2/middle_jpgimg/126/092/1260928896.jpg","iron"
"n0005_0000004","https://images-eu.ssl-images-amazon.com/images/I/41HRcb4jhPL._AC_US1150_.jpg","plywood"
"n0001_0000007","https://images-eu.ssl-images-amazon.com/images/I/41T6O-MwFWL._AC_US1150_.jpg","feature phone"
"n0002_0000005","https://images-eu.ssl-images-amazon.com/images/I/41gEROA8-5L._AC_US1150_.jpg","clarins super restorative day cream - 1.7 oz jar"
"n0002_0000006","https://images-eu.ssl-images-amazon.com/images/I/41iZCUSADgL._AC_US1150_.jpg","burger & fries novelty lip balm duo"
"n0001_0000008","https://images-na.ssl-images-amazon.com/images/I/31swIy11VjL.jpg","wet n wild silk finish lipstick 528"
"n0002_0000007","https://images-eu.ssl-images-amazon.com/images/I/31lx9BMljUL._AC_US1150_.jpg","zermat balance mix moisturising facial mask 80ml"
"n0005_0000005","https://images-eu.ssl-images-amazon.com/images/I/31t+7AFsxaL._AC_US1150_.jpg","lancaster sun beauty velvet milk sublime tan spf 30 300ml"
"n0002_0000008","https://n.nordstrommedia.com/ImageGallery/store/product/Zoom/16/_10261476.jpg","guerlain le orchide imperiale gel cream 30 ml 30 ml"
"n0001_0000009","http://gdimg.gmarket.co.kr/goods_image2/middle_jpgimg/120/078/1200789623.jpg","lip gloss"
"n0001_0000010","https://images-eu.ssl-images-amazon.com/images/I/31bpUGuEAnL._AC_US1150_.jpg","revlon super lustrous lipstick dolled up"
"n0004_0000001","https://images-eu.ssl-images-amazon.com/images/I/416WM4M3T0L._AC_US1150_.jpg","free enjoy hair & skin treatment oil (3.4 oz) when you buy enjoy sulfate-free su"
"n0003_0000007","https://images-na.ssl-images-amazon.com/images/I/41aUCwsOkNL.jpg","ojon rare blend infusion shampoo 30ml"
"n0004_0000002","https://images-na.ssl-images-amazon.com/images/I/41GS0vkIqbL.jpg","givenchy xeryus eau de toilette"
"n0001_0000011","https://n.nordstrommedia.com/ImageGallery/store/product/Zoom/15/_10124175.jpg","lip gloss"
"n0002_0000009","https://images-eu.ssl-images-amazon.com/images/I/31AF2EKUw+L._AC_US1150_.jpg","st ives apricot scrub"
"n0005_0000006","https://images-eu.ssl-images-amazon.com/images/I/41RSPL-fWQL._AC_US1150_.jpg","nature's bounty optimal solutions coconut oil, 7 ounces"
"n0002_0000010","https://images-na.ssl-images-amazon.com/images/I/71sXQJcnmpL._SX522_.jpg","3 steps to sculpt face sculpting palette nyx"
"n0001_0000012","https://images-eu.ssl-images-amazon.com/images/I/516qtK2X+FL._AC_US1150_.jpg","nail laque terrybly gitter glow top coat - #700 by by terry 10ml/0.33"
"n0001_0000013","https://images-eu.ssl-images-amazon.com/images/I/41dnYp3eRhL._AC_US1150_.jpg","milani easyliner for eyes eye liner, retractable, glitter, terra brown 04 - 0.04 oz"
"n0003_0000008","https://images-na.ssl-images-amazon.com/images/I/61Pm7a9rGzL._SX522_.jpg","curls lavish curls moisturizer 8oz pack of 2 inch"
"n0001_0000014","https://images-na.ssl-images-amazon.com/images/I/41vXWmLHcjL.jpg","volupte tint-in-balm 8 (seduce me orange)"
"n0004_0000003","https://images-eu.ssl-images-amazon.com/images/I/41NGAAIMuOL._AC_US1150_.jpg","tigi bed head mega whip"
"n0001_0000015","https://images-na.ssl-images-amazon.com/images/I/51-W-qHEE8L.jpg","Artificial nails"
"n0007_0000001","https://images-eu.ssl-images-amazon.com/images/I/41oi0CNgATL._AC_US1150_.jpg","chandan wood"
"n0003_0000009","https://images-eu.ssl-images-amazon.com/images/I/31TvL1qNXwL._AC_US1150_.jpg","chain"
"n0002_0000011","https://images-na.ssl-images-amazon.com/images/I/21hK50i2XIL.jpg","perlier extreme regenovive hydro-zone eye contour serum roll-on .33 fl oz."
"n0004_0000004","https://images-eu.ssl-images-amazon.com/images/I/41Wn7H9dHfL._AC_US1150_.jpg","perfume"
"n0004_0000005","https://images-eu.ssl-images-amazon.com/images/I/414x4SWKIrL._AC_US1150_.jpg","perfume"
"n0001_0000018","https://images-eu.ssl-images-amazon.com/images/I/31iQo73eIOL._AC_US1150_.jpg","cutting tool"
"n0001_0000019","https://images-eu.ssl-images-amazon.com/images/I/31BMXmL5seL._AC_US1150_.jpg","lakme lipstick shades for wheatish complexion"
"n0002_0000012","https://c.cdnsbn.com/images/products/l/21371885901.jpg","box"
"n0002_0000013","http://img14.360buyimg.com/n1/s546x546_jfs/t19756/239/528425924/267497/ada62dc3/5a8ec16bNa08e9005.jpg","ホットペッパー グルメ お店予約とお得なクーポン検索 screenshot 4"
"n0004_0000006","https://images-eu.ssl-images-amazon.com/images/I/51xWTB71MRL._AC_US1150_.jpg","eye shadow"
"n0003_0000011","https://images-eu.ssl-images-amazon.com/images/I/21Hkkxo2sEL._AC_US1150_.jpg","Shampoo"
"n0001_0000020","https://images-eu.ssl-images-amazon.com/images/I/318ULIv+t0L._AC_US1150_.jpg","morphe e4 elite angled brush"
"n0003_0000012","https://images-na.ssl-images-amazon.com/images/I/51NUBclWlAL._SX522_.jpg","kerastase k laque couture"
"n0003_0000013","https://images-eu.ssl-images-amazon.com/images/I/41fXsldApuL._AC_US1150_.jpg","bench"
"n0001_0000022","https://images-na.ssl-images-amazon.com/images/I/415X8Add1JL.jpg","Mascara"
"n0004_0000007","https://images-eu.ssl-images-amazon.com/images/I/51R+iTfJs-L._AC_US1150_.jpg","wild stone body spray price"
"n0004_0000008","https://images-eu.ssl-images-amazon.com/images/I/51cxfsA1jKL._AC_US1150_.jpg","avon brazil beat eau de toilette spray 50ml new in box"
"n0001_0000023","https://images-na.ssl-images-amazon.com/images/I/41Nn9jQzVcL.jpg","milani amore matte lip cream - sugar"
"n0003_0000014","https://images-eu.ssl-images-amazon.com/images/I/31QHgMIv+6L._AC_US1150_.jpg","organic harvest hair fall control shampoo"
"n0003_0000015","https://images-eu.ssl-images-amazon.com/images/I/41uZevZ6JzL._AC_US1150_.jpg","shu uemura silk bloom shampoo 300ml"
"n0001_0000025","http://gdimg.gmarket.co.kr/goods_image2/middle_jpgimg/637/103/637103930.jpg","cameleon makeup kit g1697 (25x eyeshadow 6x blusher 4x compact powd..."
"n0005_0000007","https://images-eu.ssl-images-amazon.com/images/I/41FoZ6Brd-L._AC_US1150_.jpg","bareminerals all-over face color clear radiance"
"n0001_0000027","https://images-eu.ssl-images-amazon.com/images/I/611AJ1eN7eL._AC_US1150_.jpg","directglow llc uv blacklight reactive neon glitter nail polish- funfetti"
"n0001_0000028","https://images-eu.ssl-images-amazon.com/images/I/41pUkPtGF1L._AC_US1150_.jpg","rodial glamolash mascara xxl black - volumising"
"n0002_0000014","https://images-eu.ssl-images-amazon.com/images/I/51jDA9wiZ2L._AC_US1150_.jpg","bh cosmetics studio pro matte finish pressed powder"
"n0001_0000029","https://images-eu.ssl-images-amazon.com/images/I/41QWW+0abeL._AC_US1150_.jpg","sally hansen complete salon manicure"
"n0004_0000009","https://images-eu.ssl-images-amazon.com/images/I/41yQJpYCUtL._AC_US1150_.jpg","arochem aura attar"
"n0001_0000030","https://images-na.ssl-images-amazon.com/images/I/61atqM1t1qL._SX522_.jpg","Adapter"
"n0005_0000008","https://b.cdnsbn.com/images/products/l/21485863103.jpg","ella bache nutridermologie lastex 10% (unboxed) 180ml/6.08oz"
"n0002_0000015","https://images-eu.ssl-images-amazon.com/images/I/4101WcQMFZL._AC_US1150_.jpg","mizon skin recovery night repair seruming ampoule"
"n0001_0000031","https://images-eu.ssl-images-amazon.com/images/I/31QVogyy9UL._AC_US1150_.jpg","fillerina lip plump"
"n0001_0000032","https://images-na.ssl-images-amazon.com/images/I/41TS2B5xrBL.jpg","perfect skin pro cover foundation"
"n0001_0000034","https://images-eu.ssl-images-amazon.com/images/I/21lZZHgSyfL._AC_US1150_.jpg","eye liner"
"n0003_0000016","https://images-eu.ssl-images-amazon.com/images/I/31tfUG2tkkL._AC_US1150_.jpg","schwarzkopf osis"
"n0001_0000035","https://images-eu.ssl-images-amazon.com/images/I/31bBgkwqWDL._AC_US1150_.jpg","V16 engine"
"n0002_0000016","https://a.cdnsbn.com/images/products/l/20789765901.jpg","elta md tinted uv clear broad-spectrum spf 46"
"n0005_0000010","https://images-eu.ssl-images-amazon.com/images/I/41NbzOW62EL._AC_US1150_.jpg","baby organic bundle coconut conditioning shampoo & body wash 8 oz and coconut baby massage oil 4 oz by natures paradise ~ all na"
"n0003_0000017","https://images-eu.ssl-images-amazon.com/images/I/31XcwxZpqiL._AC_US1150_.jpg","color fusion brown redken"
"n0001_0000036","https://b.cdnsbn.com/images/products/l/09935303602.jpg","eye liner"
"n0004_0000011","https://www.sephora.com/productimages/sku/s1982032-main-zoom.jpg","Paco Rabanne"
"n0001_0000037","https://images-na.ssl-images-amazon.com/images/I/41nnjcsQpJL.jpg","shadow on eye tape"
"n0003_0000018","https://images-eu.ssl-images-amazon.com/images/I/21HkVs1E+KL._AC_US1150_.jpg","opal"
"n0002_0000017","https://a.cdnsbn.com/images/products/l/11065108201.jpg","obagi professional-c serum 20%"
"n0002_0000018","https://images-eu.ssl-images-amazon.com/images/I/31yYQn2j4-L._AC_US1150_.jpg","seatree bulgarian rose toner mist 3.38 fl. oz. - usda organic"
"n0003_0000019","https://images-na.ssl-images-amazon.com/images/I/51jBZB15XuL.jpg","l'oreal color gems #3.53 dark warm brown 2 oz. ..."
"n0002_0000019","https://images-eu.ssl-images-amazon.com/images/I/51Nr5DfNw3L._AC_US1150_.jpg","bath & body works pear blossom air body lotion 8 oz each set of three"
"n0003_0000020","https://images-eu.ssl-images-amazon.com/images/I/315AxNAQS2L._AC_US1150_.jpg","Gel"
"n0001_0000040","http://gdimg.gmarket.co.kr/goods_image2/middle_jpgimg/117/752/1177528764.jpg","1801"
"n0001_0000041","https://images-na.ssl-images-amazon.com/images/I/41iLq0KyfsL.jpg","coconut nail polish strips"
"n0003_0000021","https://images-na.ssl-images-amazon.com/images/I/71gm1Kx9dkL._SY679_.jpg","joico intensity semi-permanent hair color magenta 4 ounce"
"n0001_0000042","http://gdimg.gmarket.co.kr/goods_image2/middle_jpgimg/945/661/945661558.jpg","Cosmetics"
"n0001_0000043","https://images-na.ssl-images-amazon.com/images/I/41iFlpFBS9L.jpg","best makeup starter kit"
"n0001_0000044","https://images-eu.ssl-images-amazon.com/images/I/51KOdjl0+xL._AC_US1150_.jpg","l'oreal voluminous power volume 24h mascara #black brown"
"n0001_0000045","https://images-na.ssl-images-amazon.com/images/I/71VjSggN3cL._SX522_.jpg","makeup illuminator"
"n0002_0000020","https://images-eu.ssl-images-amazon.com/images/I/41kAG5x5DJL._AC_US1150_.jpg","cailyn pearly shimmer lip balm - #04 sugar rose 4g/0.14oz"
"n0002_0000021","https://images-eu.ssl-images-amazon.com/images/I/51VVDQtHjgL._AC_US1150_.jpg","cosmetics"
"n0005_0000011","https://n.nordstrommedia.com/ImageGallery/store/product/Zoom/5/_100256105.jpg","philosophy amazing grace body serum mousse, 4.8 oz"
"n0003_0000022","https://images-eu.ssl-images-amazon.com/images/I/51jJo3a8CML._AC_US1150_.jpg","schwarzkopf essensity permanent hair color (4-0 medium brown)"
"n0004_0000013","https://images-na.ssl-images-amazon.com/images/I/71GpUX%2BnLlL._SX522_.jpg","givenchy - organza 100ml eau de parfum spray"
"n0001_0000046","https://images-na.ssl-images-amazon.com/images/I/61kUxa8ohCL._SX522_.jpg","lip gloss"
"n0003_0000024","https://b.cdnsbn.com/images/products/l/21541225044.jpg","unite hair lazer straight shampoo, 33.8 fl oz"
"n0001_0000047","https://images-eu.ssl-images-amazon.com/images/I/51Lgdz3Db-L._AC_US1150_.jpg","mehron paradise makeup aq - dark green"
"n0004_0000014","https://images-eu.ssl-images-amazon.com/images/I/61705wRWMuL._AC_US1150_.jpg","set wet swag avatar deodorant spray perfume, 150ml set of 2"
"n0003_0000025","https://images-eu.ssl-images-amazon.com/images/I/41Z7VWbIL+L._AC_US1150_.jpg","sheamoisture 13 oz coconut & hibiscus curl"
"n0003_0000026","https://images-na.ssl-images-amazon.com/images/I/312DAt1TgZL.jpg","Oil"
"n0003_0000027","https://images-na.ssl-images-amazon.com/images/I/81oOZuvVpvL._SY679_.jpg","tressa watercolors brown root concealer 2 oz new packaging!"
"n0003_0000028","https://images-na.ssl-images-amazon.com/images/I/71QaJo%2B58EL._SY679_.jpg","roux rejuvenating porosity control corrector and conditioner, 10.1 ounce"
"n0001_0000052","https://images-na.ssl-images-amazon.com/images/I/21hMbZVWErL.jpg","laura mercier baked eye colour quad - summer"
"n0007_0000003","https://images-eu.ssl-images-amazon.com/images/I/41+ULr1Y3VL._AC_US1150_.jpg","juice"
"n0002_0000024","https://images-eu.ssl-images-amazon.com/images/I/41w8ik+raHL._AC_US1150_.jpg","baviphat - lemon whitening sleeping mask"
"n0002_0000025","http://pics.drugstore.com/prodimg/532267/500.jpg","paper"
"n0006_0000004","https://images-na.ssl-images-amazon.com/images/I/51SrgUqSzlL._SX522_.jpg","nail art brush uv gel polish painting drawing line pen liner tool diy"
"n0003_0000029","https://images-na.ssl-images-amazon.com/images/I/31sylh0z5aL.jpg","ogx leave-in nourishing coconut milk 177 ml"
"n0001_0000053","https://images-eu.ssl-images-amazon.com/images/I/61PgzLiS8hL._AC_US1150_.jpg","meghan trainor -songs quiz icon"
"n0002_0000027","https://b.cdnsbn.com/images/products/l/04351980001.jpg","borghese fango brillante brightening mud mask for face and body"
"n0003_0000030","https://images-eu.ssl-images-amazon.com/images/I/31zfMixKQJL._AC_US1150_.jpg","rackets"
"n0001_0000055","https://images-eu.ssl-images-amazon.com/images/I/41yv4dzgE6L._AC_US1150_.jpg","marking tools"
"n0002_0000028","https://images-eu.ssl-images-amazon.com/images/I/31TkEwb+YBL._AC_US1150_.jpg","poligrip denture adhesive cream, extra care - 2.2 oz"
"n0002_0000029","https://images-na.ssl-images-amazon.com/images/I/81j35v-oFkL._SX522_.jpg","asdm beverly hills lactic acid"
"n0003_0000033","https://images-na.ssl-images-amazon.com/images/I/71U6NUtuxHL._SX522_.jpg","matrix biolage full density"
"n0003_0000034","https://images-eu.ssl-images-amazon.com/images/I/41eLTjClrLL._AC_US1150_.jpg","pharmagel pharma clear acne treatment moisturizer 6oz"
"n0003_0000035","https://images-eu.ssl-images-amazon.com/images/I/31zYRx0DHsL._AC_US1150_.jpg","bumble and bumble thickening spray"
"n0001_0000059","https://images-eu.ssl-images-amazon.com/images/I/41srTDA-IhL._AC_US1150_.jpg","ponytail pals ptp13-14-bm1 monkey designed ponytail, pack of 2"
"n0003_0000036","https://images-eu.ssl-images-amazon.com/images/I/513y7H+qH3L._AC_US1150_.jpg","herbal essences honey im strong strengthening conditioner 10.1 fluid"
"n0002_0000030","https://images-eu.ssl-images-amazon.com/images/I/51uGzhLOnUL._AC_US1150_.jpg","apivita queen bee holistic age defense eye cream - 15ml/0.54oz"
"n0001_0000060","https://images-eu.ssl-images-amazon.com/images/I/31IwlsBOcAL._AC_US1150_.jpg","cosmetics"
"n0003_0000037","https://images-na.ssl-images-amazon.com/images/I/51ceasPfyVL._SY679_.jpg","tsukineko goosebumps clear texture spray"
"n0003_0000038","https://images-na.ssl-images-amazon.com/images/I/41%2BDa9YuqGL.jpg","color oops blonde before and after"
"n0002_0000031","https://images-eu.ssl-images-amazon.com/images/I/41FRvaOpUVL._AC_US1150_.jpg","neutrogena men invigorating face wash"
"n0001_0000061","https://images-na.ssl-images-amazon.com/images/I/4110Qza4COL.jpg","maybelline total temptation mascara"
"n0005_0000014","https://images-eu.ssl-images-amazon.com/images/I/61y+BclOYZL._AC_US1150_.jpg","surker 1pcs facial skin care beauty pore cleansing spa wash nose brushes"
"n0001_0000062","https://images-na.ssl-images-amazon.com/images/I/91ql4qsMBfL._SX522_.jpg","lip gloss"
"n0003_0000039","https://images-na.ssl-images-amazon.com/images/I/81fbPPpWWoL._SY679_.jpg","Nice 'n Easy"
"n0003_0000040","https://images-eu.ssl-images-amazon.com/images/I/51cqI-TScQL._AC_US1150_.jpg","Hair"
"n0001_0000063","https://images-na.ssl-images-amazon.com/images/I/319IXLmpC5L.jpg","wallet"
"n0001_0000064","https://images-eu.ssl-images-amazon.com/images/I/51TldWz0Q2L._AC_US1150_.jpg","l'oreal paris voluminous miss manga mascara-376 black brown (2 pack)"
"n0001_0000065","https://images-na.ssl-images-amazon.com/images/I/513m3lBYjuL._SX522_.jpg","mac plushglass pretty plush"
"n0007_0000004","https://images-eu.ssl-images-amazon.com/images/I/41gTqBTJjtL._AC_US1150_.jpg","camomile"
"n0001_0000066","https://n.nordstrommedia.com/ImageGallery/store/product/Zoom/13/_9523913.jpg","charlotte tilbury bronzer brush"
"n0001_0000067","https://images-eu.ssl-images-amazon.com/images/I/51+IEHNxdmL._AC_US1150_.jpg","eye liner"
"n0001_0000068","https://images-na.ssl-images-amazon.com/images/I/51ccBr6jwWL._SY679_.jpg","Eye liner"
"n0001_0000069","https://images-na.ssl-images-amazon.com/images/I/51aZxIXIFpL.jpg","icecheer makeup 5 pairs fancy purple colorful feather eyelashes party soft false eye lash"
"n0002_0000032","https://d.cdnsbn.com/images/products/l/16557563101.jpg","ella bache eternal lifting concentrate of eternity (salon product) 10m"
"n0002_0000033","http://pics.drugstore.com/prodimg/504922/500.jpg","yes to blueberries age refresh cleansing facial towelettes, 25 ct"
"n0001_0000070","http://gdimg.gmarket.co.kr/goods_image2/middle_jpgimg/128/039/1280393181.jpg","liancourt rocks"
"n0003_0000041","https://images-eu.ssl-images-amazon.com/images/I/41JVYGyjZ+L._AC_US1150_.jpg","artificial nails"
"n0001_0000072","https://images-na.ssl-images-amazon.com/images/I/31ftUgJ5W7L.jpg","eye liner"
"n0001_0000073","http://gdimg.gmarket.co.kr/goods_image2/middle_jpgimg/126/318/1263180311.jpg","l'oreal colour riche collection exclusive pink lipcolour - liya's pink"
"n0003_0000042","https://images-na.ssl-images-amazon.com/images/I/41iLauUdUoL.jpg","yanagiya jumbo ultra hard hair gel 330g"
"n0001_0000074","https://images-na.ssl-images-amazon.com/images/I/71qd3KtD8JL._SX522_.jpg","alonea 48 colours nail art transfer craft foil fashion diy nail sticker tip"
"n0004_0000017","https://images-eu.ssl-images-amazon.com/images/I/31X1yWU8pML._AC_US1150_.jpg","essential by lacoste 4.2 oz eau de toilette spray for men"
"n0005_0000017","https://images-eu.ssl-images-amazon.com/images/I/51clqBVmQlL._AC_US1150_.jpg","4 pair shower exfoliating wash skin spa foam bath gloves massage loofa"
"n0004_0000018","http://img14.360buyimg.com/n1/s546x546_jfs/t2098/305/2980775205/57805/52af7ae4/57207544Naa00aee1.jpg","football live tv icon"
"n0002_0000034","https://images-na.ssl-images-amazon.com/images/I/61lF1s78tBL._SY679_.jpg","panasonic beauty salon type steamer nano care / w hot... [djo]"
"n0003_0000043","https://images-na.ssl-images-amazon.com/images/I/71l6R%2BTBjML._SX522_.jpg","beard & mustache balm oil wax leave"
"n0003_0000044","https://images-eu.ssl-images-amazon.com/images/I/31TAwHtXifL._AC_US1150_.jpg","john frieda frizz ease luxurious volume forever full hairspray 250ml"
"n0003_0000045","https://images-na.ssl-images-amazon.com/images/I/81AgaNnmXoL._SY679_.jpg","hair food honey apricot"
"n0003_0000046","https://images-na.ssl-images-amazon.com/images/I/71ZLGrGE7tL._SY679_.jpg","herbal medicine for killer ticks in body"
"n0001_0000075","https://images-na.ssl-images-amazon.com/images/I/61TFKQu3TsL._SX522_.jpg","almay smart shade mousse makeup, medium/deep [400] 0.7 oz (pack of 2)"
"n0003_0000047","https://images-eu.ssl-images-amazon.com/images/I/31zpkc+1bCL._AC_US1150_.jpg","TRESemmé"
"n0002_0000035","https://images-eu.ssl-images-amazon.com/images/I/31j9KrczFjL._AC_US1150_.jpg","body shop vitamin c microdermabrasion"
"n0003_0000048","https://images-na.ssl-images-amazon.com/images/I/71kXTTVnVNL._SY679_.jpg","arrojo refinish dry shampoo ($ 26"
"n0002_0000036","https://images-eu.ssl-images-amazon.com/images/I/41Qf5Mo0CiL._AC_US1150_.jpg","qtica smart spa lemon dream luxury lotion 8.5 oz"
"n0005_0000019","https://images-eu.ssl-images-amazon.com/images/I/41rmWjH5CQL._AC_US1150_.jpg","elemis your new skin solution: energise"
"n0003_0000049","https://images-na.ssl-images-amazon.com/images/I/41n5%2Bz9NqnL.jpg","organix macadamia oil shampoo"
"n0002_0000037","https://images-na.ssl-images-amazon.com/images/I/41sSjOsIh1L.jpg","eye cream with vitamin c"
"n0002_0000038","https://www.sephora.com/productimages/sku/s1734722-main-zoom.jpg","too cool for school egg mousse soap"
"n0004_0000019","https://images-eu.ssl-images-amazon.com/images/I/31km0lpHwaL._AC_US1150_.jpg","guerlain"
"n0003_0000050","https://images-eu.ssl-images-amazon.com/images/I/4142KjMySPL._AC_US1150_.jpg","Cleanser"
"n0001_0000077","https://images-eu.ssl-images-amazon.com/images/I/51KlQsTShML._AC_US1150_.jpg","Nipper"
"n0004_0000020","https://images-eu.ssl-images-amazon.com/images/I/31ZLhvo+oxL._AC_US1150_.jpg","alyssa ashley white musk 3.4 ounce deodorant spray unisex"
"n0005_0000020","https://images-eu.ssl-images-amazon.com/images/I/51ZzHsEtJsL._AC_US1150_.jpg","perlier burro fondente corpo iris blu 400 ml"
"n0004_0000021","https://b.cdnsbn.com/images/products/l/12199480706.jpg","guerlain shalimar eau de toilette spray for women 90ml/3oz"
"n0003_0000051","https://images-na.ssl-images-amazon.com/images/I/31exNfATiRL.jpg","matrix socolor dream age da-506rb light brown red brown 3 oz"
"n0002_0000042","https://c.cdnsbn.com/images/products/l/18265842001.jpg","mario badescu drying lotion"
"n0001_0000078","https://images-eu.ssl-images-amazon.com/images/I/41RPviOfUbL._AC_US1150_.jpg","inglot cosmetics amc pure pigment eye shadow 46"
"n0001_0000079","https://images-eu.ssl-images-amazon.com/images/I/41URbkMbThL._AC_US1150_.jpg","streetwear satin smooth lipstick online"
"n0001_0000080","http://gdimg.gmarket.co.kr/goods_image2/middle_jpgimg/115/049/1150499739.jpg","skinfood avocado rich"
"n0003_0000052","https://images-eu.ssl-images-amazon.com/images/I/51L4CauI0aL._AC_US1150_.jpg","fanverim hair cutting umbrella, adult children waterproof haircut, hairdressing hair apron, haircut cape, hairdressing gown family"
"n0003_0000053","https://images-eu.ssl-images-amazon.com/images/I/41Cd6Emo6uL._AC_US1150_.jpg","chear water wave 2-in-1 weft human hair extension with premium blend weave number 27, light auburn 8-inch"
"n0003_0000054","https://images-na.ssl-images-amazon.com/images/I/41HUM4266vL.jpg","tressa blonde miracle silk shampoo + conditioner, 400ml"
"n0003_0000055","https://images-eu.ssl-images-amazon.com/images/I/51k3Ldv2qNL._AC_US1150_.jpg","woman brush hair styles"
"n0005_0000021","https://images-eu.ssl-images-amazon.com/images/I/41CH+v2LQcL._AC_US1150_.jpg","extra virgin organic argan oil"
"n0001_0000083","https://images-eu.ssl-images-amazon.com/images/I/41G9vd5-y3L._AC_US1150_.jpg","l oreal perfezionatore di pelle"
"n0001_0000084","https://images-eu.ssl-images-amazon.com/images/I/51TCGnxcbuL._AC_US1150_.jpg","nagaraku eyelash"
"n0003_0000056","https://images-na.ssl-images-amazon.com/images/I/6196IcCBq5L._SX522_.jpg","oriente en tus ojos (trilogía de oriente 1) [book]"
"n0001_0000085","https://images-na.ssl-images-amazon.com/images/I/611cCjganSL._SX522_.jpg","mac brow set beguile"
"n0001_0000086","https://images-eu.ssl-images-amazon.com/images/I/41rggnovISL._AC_US1150_.jpg","Cosmetics"
"n0001_0000087","http://gdimg.gmarket.co.kr/goods_image2/middle_jpgimg/697/767/697767589.jpg","bamboo flute"
"n0001_0000088","https://images-eu.ssl-images-amazon.com/images/I/411yYDC4asL._AC_US1150_.jpg","Cosmetics"
"n0001_0000089","http://gdimg.gmarket.co.kr/goods_image2/middle_jpgimg/119/510/1195100772.jpg","lip gloss"
"n0001_0000090","https://images-na.ssl-images-amazon.com/images/I/81Y-48jfOaL._SX522_.jpg","nyc expert last lipcolor lipstick - flirty (pack"
"n0002_0000045","https://n.nordstrommedia.com/ImageGallery/store/product/Zoom/17/_10869557.jpg","c.o. bigelow mentha lip balm"
"n0003_0000057","https://c.cdnsbn.com/images/products/l/17017110144.jpg","kms california therma shape hot flex spray 200ml"
"n0002_0000047","https://images-na.ssl-images-amazon.com/images/I/61l1piPK34L._SX522_.jpg","Face powder"
"n0001_0000091","https://images-eu.ssl-images-amazon.com/images/I/51evDnczyQL._AC_US1150_.jpg","sephora collection bronzed and blushing face palette"
"n0002_0000048","https://images-na.ssl-images-amazon.com/images/I/41dvhrqKRmL.jpg","laura mercier loose setting powder"
"n0005_0000022","https://images-eu.ssl-images-amazon.com/images/I/31jJOuBb3yL._AC_US1150_.jpg","clarins eau dynamisante moisturizing body lotion 250ml/8.8oz"
"n0005_0000023","https://images-eu.ssl-images-amazon.com/images/I/41QzmpegqIL._AC_US1150_.jpg","institut esthederm d 'eau cellulaire moisturizing gel 50ml"
"n0001_0000093","http://gdimg.gmarket.co.kr/goods_image2/middle_jpgimg/872/393/872393329.jpg","makeup brushes"
"n0002_0000049","https://images-eu.ssl-images-amazon.com/images/I/4183NwY6jIL._AC_US1150_.jpg","collagen bamboo charcoal blackhead removal mask powder deep cleansing oil control tighten by superjune"
"n0002_0000051","https://images-eu.ssl-images-amazon.com/images/I/41FzqjzTfJL._AC_US1150_.jpg","crema iluminadora para ojos e.l.f. cosmeticos studio blanca"
"n0001_0000094","https://images-eu.ssl-images-amazon.com/images/I/41DOPype1xL._AC_US1150_.jpg","3 pcs women synthetic fringe bang paste hairpiece clip in front hair"
"n0001_0000095","https://images-na.ssl-images-amazon.com/images/I/11lCWuCm8eL.jpg","Lipstick"
"n0001_0000097","https://images-eu.ssl-images-amazon.com/images/I/41OiVsUjMAL._AC_US1150_.jpg","drinking straw"
"n0003_0000060","https://images-eu.ssl-images-amazon.com/images/I/41hMLXuE2RL._AC_US1150_.jpg","nova hair dryer price in pakistan"
"n0001_0000098","https://images-eu.ssl-images-amazon.com/images/I/51GYDS09PhL._AC_US1150_.jpg","gillette foamy shaving cream"
"n0001_0000099","https://images-eu.ssl-images-amazon.com/images/I/31YFvpDutTL._AC_US1150_.jpg","6 pack - l'oreal voluminous miss manga mascara, blackest black [378] 0.29 oz"
"n0002_0000053","https://n.nordstrommedia.com/ImageGallery/store/product/Zoom/12/_102374052.jpg","la mer"
"n0004_0000023","https://images-eu.ssl-images-amazon.com/images/I/41iWe+feSuL._AC_US1150_.jpg","lancetti argento silver eau de toilette for men 100 (12,47 gbp/100 ml)"
"n0004_0000025","https://images-eu.ssl-images-amazon.com/images/I/31kFbv1N7aL._AC_US1150_.jpg","cherry bath and body works"
"n0001_0000101","https://images-na.ssl-images-amazon.com/images/I/11XzUhxtxRL.jpg","loreal stick foundation makeup"
"n0005_0000024","https://images-eu.ssl-images-amazon.com/images/I/31Oy-cJtHQL._AC_US1150_.jpg","bottle"
"n0003_0000061","https://images-na.ssl-images-amazon.com/images/I/61RkZrfyiKL._SX522_.jpg","Fluid ounce"
"n0003_0000062","https://images-na.ssl-images-amazon.com/images/I/615FFOpqbJL._SY679_.jpg","oribe gel serum"
"n0005_0000025","https://images-eu.ssl-images-amazon.com/images/I/41CY3NFINhL._AC_US1150_.jpg","organic all natural whipped coco shea butter 16 oz"
"n0003_0000063","https://images-na.ssl-images-amazon.com/images/I/81bMtMF276L._SY679_.jpg","cantu co-wash natural hair complete conditioning 10oz"
"n0003_0000064","https://images-na.ssl-images-amazon.com/images/I/618KoSZgWhL._SX522_.jpg","professional cleansing alcohol 32 oz."
"n0002_0000056","https://images-eu.ssl-images-amazon.com/images/I/513pDERUhlL._AC_US1150_.jpg","la goodwind ph-1 face facial massager portable beauty health skin care device"
"n0005_0000026","https://images-eu.ssl-images-amazon.com/images/I/51-s75bk08L._AC_US1150_.jpg","Freckle"
"n0003_0000065","https://images-eu.ssl-images-amazon.com/images/I/11-Pbiw9KVL._AC_US1150_.jpg","nexxus comb thru natural hold design and finishing mist 10 0z / 283 gr (pack of"
"n0004_0000027","https://images-eu.ssl-images-amazon.com/images/I/41ToKaPsC-L._AC_US1150_.jpg","riya melody apparel perfume 30ml"
"n0004_0000028","https://images-eu.ssl-images-amazon.com/images/I/51ekaYvQfGL._AC_US1150_.jpg","real time gift set for men eau de toilette submarine operation x 100 ml + 15 ml"
"n0002_0000058","https://images-eu.ssl-images-amazon.com/images/I/41v7rIHg4XL._AC_US1150_.jpg","eye shadow"
"n0001_0000102","https://images-eu.ssl-images-amazon.com/images/I/41yXEW6ocYL._AC_US1150_.jpg","lakme eyebrow pencil"
"n0003_0000066","https://images-eu.ssl-images-amazon.com/images/I/518vOvtD3zL._AC_US1150_.jpg","mofajang hair wax gold"
"n0001_0000103","http://gdimg.gmarket.co.kr/goods_image2/middle_jpgimg/128/991/1289919416.jpg","eye shadow"
"n0005_0000027","https://n.nordstrommedia.com/ImageGallery/store/product/Zoom/5/_7904285.jpg","nest fragrances liquid hand soap - moss and mint"
"n0001_0000104","https://images-eu.ssl-images-amazon.com/images/I/51puMm1k7vL._AC_US1150_.jpg","flower spring fashion japanese 3d nail art 24 nails sold by fattycat"
"n0001_0000105","https://images-na.ssl-images-amazon.com/images/I/31AKetqnZJL.jpg","tarte lipsurgence lip tint enchanted 0.1 oz"
"n0001_0000106","https://images-na.ssl-images-amazon.com/images/I/819lv8Kq%2BOL._SX522_.jpg","aveda petal essence single eye color--chocolate flower"
"n0003_0000067","https://images-eu.ssl-images-amazon.com/images/I/414yUYYW7sL._AC_US1150_.jpg","bath and body works georgia peach and sweet tea"
"n0001_0000107","https://images-na.ssl-images-amazon.com/images/I/51%2BflmXcC-L._SX522_.jpg","Mobile phone"
"n0003_0000068","https://images-na.ssl-images-amazon.com/images/I/51ZP9QbAgUL.jpg","glomania green hair & body gel 20ml uv neon black light rave party"
"n0004_0000029","https://b.cdnsbn.com/images/products/l/21575484306.jpg","nina ricci les gourmandises de luna"
"n0001_0000108","https://images-eu.ssl-images-amazon.com/images/I/41JV5Wa7+4L._AC_US1150_.jpg","Lip gloss"
"n0003_0000069","https://images-eu.ssl-images-amazon.com/images/I/11S5d7EFPsL._AC_US1150_.jpg","liquid hand soap"
"n0003_0000177","https://images-eu.ssl-images-amazon.com/images/I/51pJP1ODGrL._AC_US1150_.jpg","asia zen control mask by orofluido 500ml/16.9oz"
"n0005_0000077","https://n.nordstrommedia.com/ImageGallery/store/product/Zoom/6/_6410926.jpg","ahava dead sea mineral bath salt"
"n0002_0000156","https://images-eu.ssl-images-amazon.com/images/I/41y+W6LFweL._AC_US1150_.jpg","cosmetics"
"n0001_0000286","https://images-na.ssl-images-amazon.com/images/I/51a0hQqQi8L._SX522_.jpg","vanker waterproof feather ink bottle eyeliner air cushion long lasting eyeliner makeup (dark brown)"
"n0003_0000178","https://images-eu.ssl-images-amazon.com/images/I/31ZsX9XJ3ML._AC_US1150_.jpg","vegetal anti dandruff shampoo - natural anti dandruff shampoo, 100gm"
"n0002_0000157","https://images-na.ssl-images-amazon.com/images/I/315ZS8wbsSL.jpg","clinique moisture surge thirsty skin relief face spray - travel size"
"n0002_0000158","https://images-eu.ssl-images-amazon.com/images/I/413yxj4LTBL._AC_US1150_.jpg","cranberry"
"n0003_0000179","https://images-eu.ssl-images-amazon.com/images/I/41RaSZFgNKL._AC_US1150_.jpg","menta"
"n0003_0000181","https://images-eu.ssl-images-amazon.com/images/I/41ZgT0rBZvL._AC_US1150_.jpg","star pro line star wax premium pomade toffee 5 fl oz 150 ml"
"n0001_0000288","https://images-eu.ssl-images-amazon.com/images/I/51-6Ffruw5L._AC_US1150_.jpg","koko kollection face palette"
"n0003_0000182","https://images-eu.ssl-images-amazon.com/images/I/411d4KXl0uL._AC_US1150_.jpg","fantasia ic hair polisher organic carrot growth serum 150ml"
"n0005_0000079","https://images-eu.ssl-images-amazon.com/images/I/41ojfpLYGsL._AC_US1150_.jpg","shu uemura eyelash curler japan"
"n0001_0000289","https://images-na.ssl-images-amazon.com/images/I/713hkCbJyEL._SY679_.jpg","Cosmetics"
"n0003_0000183","https://images-na.ssl-images-amazon.com/images/I/41wgK59hR-L.jpg","dial products"
"n0001_0000290","https://images-eu.ssl-images-amazon.com/images/I/51TuJdGJgVL._AC_US1150_.jpg","artificial nails"
"n0002_0000159","https://images-eu.ssl-images-amazon.com/images/I/4103AZ8Jk2L._AC_US1150_.jpg","bodyverde lip and face restorative moisture set"
"n0001_0000291","https://images-na.ssl-images-amazon.com/images/I/61r5d1yFpCL._SY679_.jpg","bridal wedding silver crystal pearl flower drop dangle earrings"
"n0004_0000066","https://images-eu.ssl-images-amazon.com/images/I/51VIJ0cMOzL._AC_US1150_.jpg","st.john eau de parfum 50ml (delicious night 50ml)"
"n0002_0000161","https://www.sephora.com/productimages/sku/s1394055-main-zoom.jpg","Seed treatment"
"n0001_0000292","https://images-eu.ssl-images-amazon.com/images/I/31+FHC0juAL._AC_US1150_.jpg","guerlain cils d’enfer maxi lash mascara, brown"
"n0001_0000293","https://images-na.ssl-images-amazon.com/images/I/21EtcmKfZRL.jpg","eye liner"
"n0004_0000067","https://images-eu.ssl-images-amazon.com/images/I/41m25zl0WqL._AC_US1150_.jpg","kamasutra black xxx perfumed body spray deodorant spray - for men"
"n0001_0000294","https://images-na.ssl-images-amazon.com/images/I/31Mt61XFeRL.jpg","iconic london boom mascara"
"n0002_0000162","https://images-eu.ssl-images-amazon.com/images/I/31bgKNqpyjL._AC_US1150_.jpg","beauty without cruelty premium botanical lotion - fragrance free - 16 oz"
"n0003_0000185","https://images-eu.ssl-images-amazon.com/images/I/31FsDoPkOvL._AC_US1150_.jpg","jason for kids only! extra gentle shampoo, 17.5 oz"
"n0001_0000296","http://gdimg.gmarket.co.kr/goods_image2/middle_jpgimg/112/963/1129631536.jpg","Luna"
"n0002_0000163","https://images-na.ssl-images-amazon.com/images/I/61mnHqNhCUL._SX522_.jpg","alpha skin care review"
"n0003_0000187","http://pics.drugstore.com/prodimg/162200/500.jpg","desert essence shampoo"
"n0001_0000297","https://www.sephora.com/productimages/sku/s1711654-main-zoom.jpg","chubby lash ™ fattening mascara"
"n0002_0000164","https://a.cdnsbn.com/images/products/l/12791204401.jpg","aesop parsley seed anti-oxidant eye cream - 60ml/2oz"
"n0003_0000188","https://images-eu.ssl-images-amazon.com/images/I/41wCkNkZRBL._AC_US1150_.jpg","z-comfort award wining wave magic leverage hair curler maker set"
"n0003_0000189","https://images-na.ssl-images-amazon.com/images/I/31L4cpyp1hL.jpg","eufora hair eufora nourish moisture solution conditioner 500ml"
"n0001_0000298","https://images-eu.ssl-images-amazon.com/images/I/41sSQdLx53L._AC_US1150_.jpg","ケイト フル カバー コンシーラー"
"n0002_0000165","https://images-eu.ssl-images-amazon.com/images/I/41d0rP1nu6L._AC_US1150_.jpg","maxclinic triple herbal bb cream"
"n0007_0000012","https://images-eu.ssl-images-amazon.com/images/I/51IpAfyFwnL._AC_US1150_.jpg","first botany cosmeceuticals rosemary essential oil 30ml - 100% pure & natural premium & therapeutic grade - great for hair strengthening &"
"n0001_0000299","https://images-eu.ssl-images-amazon.com/images/I/51pRbzvakjL._AC_US1150_.jpg","too faced holiday collection"
"n0001_0000300","http://gdimg.gmarket.co.kr/goods_image2/middle_jpgimg/927/168/927168053.jpg","アイシャドウ レフィル ブラウン 05"
"n0004_0000069","https://images-na.ssl-images-amazon.com/images/I/51k20nj0EVL.jpg","penthouse legendary by penthouse eau de toilette spray 3.4 oz (men)"
"n0004_0000070","https://images-eu.ssl-images-amazon.com/images/I/51YeuJlRWiL._AC_US1150_.jpg","arochem diva oriental attar concentrated perfume oil 6ml"
"n0002_0000166","https://images-na.ssl-images-amazon.com/images/I/41AfSvY9o8L.jpg","intensive anti-wrinkle eye contour cream- with high concentration of v"
"n0001_0000302","https://images-eu.ssl-images-amazon.com/images/I/515bfcWvdwL._AC_US1150_.jpg","eye shadow"
"n0001_0000303","https://images-na.ssl-images-amazon.com/images/I/71jXG2zToBL._SY679_.jpg","maybelline fit me matte + poreless foundation (122 creamy beige)"
"n0005_0000081","https://images-eu.ssl-images-amazon.com/images/I/31iPCiyi9uL._AC_US1150_.jpg","plastic"
"n0003_0000191","https://images-eu.ssl-images-amazon.com/images/I/41qhbBHPgfL._AC_US1150_.jpg","wella koleson perfect hair color, very light blonde/ash violet 9/16, 2 ounce.."
"n0001_0000304","https://images-eu.ssl-images-amazon.com/images/I/41NyylkE-EL._AC_US1150_.jpg","eyeliner balm wet waterproof coloured gloss coverage long lasting natural eyes 12 #00006"
"n0003_0000192","https://images-na.ssl-images-amazon.com/images/I/31e6Q4bYoYL.jpg","water gear conditioner"
"n0001_0000305","https://images-eu.ssl-images-amazon.com/images/I/414G+gvcR6L._AC_US1150_.jpg","mtn gearsmith new mtn-g mtn-g 8 tray commercial food dehydrator electric dryer blower jerky fruit meat w/timer"
"n0001_0000306","https://images-na.ssl-images-amazon.com/images/I/71--QxUTXZL._SX522_.jpg","stila glitter and glow liquid eyeshadow"
"n0003_0000193","https://images-na.ssl-images-amazon.com/images/I/71NMFsouh-L._SX522_.jpg","leche cabra goat milk shampoo 470ml"
"n0001_0000307","https://images-na.ssl-images-amazon.com/images/I/411vv8NltSL.jpg","Concealer"
"n0003_0000194","https://images-eu.ssl-images-amazon.com/images/I/21p7pkaL-zL._AC_US1150_.jpg","revlon colorsilk ammonia free 41 medium brown"
"n0001_0000308","https://images-na.ssl-images-amazon.com/images/I/61hc0eFXt8L._SX522_.jpg","Gift"
"n0001_0000309","https://images-eu.ssl-images-amazon.com/images/I/41ZN0fyBzLL._AC_US1150_.jpg","vitashoppe indelible eyes waterproof long wear automatic eye liner prune"
"n0003_0000195","https://images-na.ssl-images-amazon.com/images/I/51zO-M0VRyL._SX522_.jpg","olivia garden idetangle fine hair"
"n0007_0000013","https://images-eu.ssl-images-amazon.com/images/I/41GUar7WusL._AC_US1150_.jpg","village naturals bath shoppe white tea & jasmine bath & body oil"
"n0005_0000082","https://images-na.ssl-images-amazon.com/images/I/81qtQ76Oj9L._SX522_.jpg","replacement cord for andis master clipper"
"n0005_0000083","https://images-eu.ssl-images-amazon.com/images/I/51YzMHrEnzL._AC_US1150_.jpg","3.0 magnification set of 3 reading glasses"
"n0001_0000311","https://images-eu.ssl-images-amazon.com/images/I/31oa-PJsebL._AC_US1150_.jpg","nail polish"
"n0001_0000312","https://images-eu.ssl-images-amazon.com/images/I/31T0Io7DFTL._AC_US1150_.jpg","korres velvet orris, violet & white pepper shower gel 250ml"
"n0004_0000071","https://images-eu.ssl-images-amazon.com/images/I/41ZnnxkDB5L._AC_US1150_.jpg","english laundry oxford bleu 2-piece gift set"
"n0003_0000196","https://images-eu.ssl-images-amazon.com/images/I/516vuPO6d0L._AC_US1150_.jpg","surya brasil golden brown"
"n0001_0000313","https://images-na.ssl-images-amazon.com/images/I/71mnRP5qHjL._SX522_.jpg","Cream"
"n0001_0000314","https://images-na.ssl-images-amazon.com/images/I/5121D-27gsL.jpg","la-splash cosmetics art-ki-tekt (waterproof) slim eyeliner - chromate"
"n0001_0000315","https://images-eu.ssl-images-amazon.com/images/I/41sl35XflnL._AC_US1150_.jpg","batman"
"n0003_0000197","https://images-eu.ssl-images-amazon.com/images/I/415vryEanSL._AC_US1150_.jpg","alpha beauty bay tri aero aerogel heat shield - 8oz"
"n0004_0000072","https://images-eu.ssl-images-amazon.com/images/I/21eIwVmmPuL._AC_US1150_.jpg","clean for men"
"n0001_0000316","https://images-na.ssl-images-amazon.com/images/I/617S8PmWVuL._SX522_.jpg","l'oreal paris infallible gel lacquer liner, dark slate - 0.08 oz"
"n0004_0000073","https://images-eu.ssl-images-amazon.com/images/I/51uFJoW7N+L._AC_US1150_.jpg","britney spears cosmic-radiance-eau-de-parfum-spray-100-ml"
"n0003_0000198","https://images-eu.ssl-images-amazon.com/images/I/510pIM8HN+L._AC_US1150_.jpg","sku049750 36 color non-toxic temporary salon kit pastel square hair dye chalk"
"n0004_0000074","https://images-eu.ssl-images-amazon.com/images/I/51meNxoFs5L._AC_US1150_.jpg","hott & naughty girl naughty girl touch perfume for women (pocket perfume) - pack of 1, 60ml (each)"
"n0004_0000075","https://images-eu.ssl-images-amazon.com/images/I/51Dn7EIHArL._AC_US1150_.jpg","hott aqua, calpso, intense, musk, noir, sport (60ml each)"
"n0002_0000169","https://images-eu.ssl-images-amazon.com/images/I/41L9bDVs6nL._AC_US1150_.jpg","eye shadow"
"n0001_0000318","https://images-na.ssl-images-amazon.com/images/I/51qjokgs2vL._SX522_.jpg","Eyelash"
"n0003_0000201","https://images-na.ssl-images-amazon.com/images/I/31jc3jGts3L.jpg","crema de pantofi rosie"
"n0003_0000202","https://images-na.ssl-images-amazon.com/images/I/315hPxPGNdL.jpg","Human hair color"
"n0002_0000171","https://images-eu.ssl-images-amazon.com/images/I/51qSMyJ3rML._AC_US1150_.jpg","soothing and moisture aloe vera"
"n0001_0000319","https://images-na.ssl-images-amazon.com/images/I/51U7gdtI-BL._SY679_.jpg","Lip liner"
"n0003_0000203","https://images-na.ssl-images-amazon.com/images/I/61OKMcCiPHL._SY679_.jpg","paul mitchell the conditioner, 300ml"
"n0001_0000320","http://gdimg.gmarket.co.kr/goods_image2/middle_jpgimg/966/593/966593505.jpg","plastic"
"n0002_0000172","https://images-eu.ssl-images-amazon.com/images/I/41qMBjpmE5L._AC_US1150_.jpg","simple smoothing facial scrub"
"n0003_0000204","https://images-eu.ssl-images-amazon.com/images/I/41G+mWZ-hQL._AC_US1150_.jpg","johnny bravo hair products"
"n0001_0000321","https://images-eu.ssl-images-amazon.com/images/I/51yk3wh56WL._AC_US1150_.jpg","cerise fashion pearl poppy flower hair clip - girl trustay clip - best no slip barrette for fine hair (pack2-pink/white/hot pink)"
"n0001_0000322","https://images-na.ssl-images-amazon.com/images/I/5174jhinMzL.jpg","rimmel scandaleyes retroglam mascara, extreme black, 0.41 fluid ounce"
"n0001_0000323","https://images-na.ssl-images-amazon.com/images/I/71zMsqlfsIL._SY679_.jpg","temptu smooth & matte first base"
"n0003_0000205","https://images-na.ssl-images-amazon.com/images/I/81e-WsnnVsL._SX522_.jpg","eye shadow"
"n0001_0000324","https://images-eu.ssl-images-amazon.com/images/I/41kUFK2+28L._AC_US1150_.jpg","eye liner"
"n0002_0000174","https://www.sephora.com/productimages/sku/s1314798-main-zoom.jpg","laura mercier hair mist"
"n0002_0000177","https://images-na.ssl-images-amazon.com/images/I/51u0A4cLTtL._SX522_.jpg","Exfoliation"
"n0005_0000085","https://images-eu.ssl-images-amazon.com/images/I/31WUyBOInHL._AC_US1150_.jpg","hula hula talcum powder"
"n0001_0000326","https://images-na.ssl-images-amazon.com/images/I/11WgnirDcAL.jpg","ulta lipstick"
"n0004_0000077","https://images-eu.ssl-images-amazon.com/images/I/41iJgxaKCaL._AC_US1150_.jpg","Zara"
"n0002_0000180","https://images-eu.ssl-images-amazon.com/images/I/41Hr7ZNGEtL._AC_US1150_.jpg","art print: kwong sang hong, ltd, 61x41cm."
"n0001_0000329","https://images-eu.ssl-images-amazon.com/images/I/41gndRB69DL._AC_US1150_.jpg","Lip"
"n0005_0000087","https://images-eu.ssl-images-amazon.com/images/I/415W7BRGglL._AC_US1150_.jpg","castor oil 100% natural pure undiluted uncut carrier oil 30ml"
"n0003_0000207","https://images-eu.ssl-images-amazon.com/images/I/31QLjrpJASL._AC_US1150_.jpg","crescina hfsc 200 woman"
"n0003_0000208","https://images-eu.ssl-images-amazon.com/images/I/41V1fHhWqaL._AC_US1150_.jpg","catwalk fashionista violet shampoo"
"n0001_0000330","https://images-eu.ssl-images-amazon.com/images/I/519reDSr3HL._AC_US1150_.jpg","coin purse"
"n0005_0000088","https://images-eu.ssl-images-amazon.com/images/I/41-GgjhXjCL._AC_US1150_.jpg","Shaving"
"n0001_0000331","https://images-na.ssl-images-amazon.com/images/I/51F0n7QJMNL._SX522_.jpg","hard candy nail polish"
"n0001_0000332","https://images-na.ssl-images-amazon.com/images/I/71gs9gP7RkL._SX522_.jpg","Brush"
"n0002_0000182","https://images-eu.ssl-images-amazon.com/images/I/41LHK4LALwL._AC_US1150_.jpg","glass bottle"
"n0003_0000209","https://images-na.ssl-images-amazon.com/images/I/31Cl8%2BJID%2BL.jpg","longboard"
"n0001_0000334","http://img14.360buyimg.com/n1/s546x546_jfs/t15724/139/2091846870/90838/22c51295/5a7cf8bbN0d9c61ed.jpg","clio kill cover highest wear primer, 1.0 ounce"
"n0003_0000210","https://images-na.ssl-images-amazon.com/images/I/61xqVlIs6sL._SX522_.jpg","dafni original hair straightening brush"
"n0001_0000335","https://images-eu.ssl-images-amazon.com/images/I/51xb5zhR21L._AC_US1150_.jpg","nail polish"
"n0003_0000212","https://images-eu.ssl-images-amazon.com/images/I/41KivPPxltL._AC_US1150_.jpg","joico lumishine permanent creme color (color : 3vv/3.22)"
"n0003_0000213","https://images-eu.ssl-images-amazon.com/images/I/51ppBIjR7CL._AC_US1150_.jpg","no 1 hair gel for men"
"n0004_0000078","https://images-eu.ssl-images-amazon.com/images/I/51el8-g-Z-L._AC_US1150_.jpg","hello hello by perfumes sarah b eau de parfum spray 3.4 oz"
"n0001_0000336","https://images-na.ssl-images-amazon.com/images/I/71dk0NgUb4L._SX522_.jpg","boston nail art mardi gras waterslide nail decals - 50pc"
"n0004_0000079","https://images-eu.ssl-images-amazon.com/images/I/51lSVjFfi8L._AC_US1150_.jpg","naughty girl femme charm fashion summer and echo perfume combo for women pack of 5(60ml each)"
"n0003_0000214","https://images-eu.ssl-images-amazon.com/images/I/51yHtNbAocL._AC_US1150_.jpg","ultra violet manic panic"
"n0001_0000337","https://images-eu.ssl-images-amazon.com/images/I/31yjX1bz-ML._AC_US1150_.jpg","volume million lashes extra black"
"n0003_0000215","https://images-na.ssl-images-amazon.com/images/I/31tCcatGLzL.jpg","redken pillow proof blow dry two day extender dry shampoo"
"n0004_0000080","https://images-na.ssl-images-amazon.com/images/I/41rn0Nb6k3L.jpg","perfume happy clinic"
"n0002_0000184","https://images-na.ssl-images-amazon.com/images/I/71YAsvuBMhL._SY679_.jpg","philosophy purity made simple cleanser 8 oz"
"n0003_0000216","https://images-eu.ssl-images-amazon.com/images/I/41bqRO3Zi9L._AC_US1150_.jpg","tri aerogel 3 oz 2 pack"
"n0005_0000091","https://images-na.ssl-images-amazon.com/images/I/61A6vcRFtaL._SX522_.jpg","aveda - men shave cream - 150 ml"
"n0003_0000217","https://images-na.ssl-images-amazon.com/images/I/71w%2BzszZjqL._SX522_.jpg","coconut shampoo herbal essence"
"n0005_0000092","https://images-eu.ssl-images-amazon.com/images/I/31Um2SJs8gL._AC_US1150_.jpg","estee lauder pleasures"
"n0002_0000185","http://gdimg.gmarket.co.kr/goods_image2/middle_jpgimg/671/437/671437705.jpg","laneige water drop tinted lip balm"
"n0004_0000081","https://images-eu.ssl-images-amazon.com/images/I/41v75XO3QgL._AC_US1150_.jpg","charlie pink eau de toilette 30ml"
"n0001_0000341","https://images-eu.ssl-images-amazon.com/images/I/61RBlgS3cqL._AC_US1150_.jpg","Cosmetics"
"n0001_0000342","https://images-eu.ssl-images-amazon.com/images/I/41MuWq8GXXL._AC_US1150_.jpg","circle"
"n0002_0000186","https://images-na.ssl-images-amazon.com/images/I/61Zmz0Wc3XL._SX522_.jpg","dermalogica daily superfoliant 13g"
"n0001_0000343","https://images-eu.ssl-images-amazon.com/images/I/41fImQQ2heL._AC_US1150_.jpg","skin food"
"n0001_0000344","https://images-eu.ssl-images-amazon.com/images/I/51jHYL+XRsL._AC_US1150_.jpg","mistine groove"
"n0003_0000219","https://images-eu.ssl-images-amazon.com/images/I/41hY6jjiFIL._AC_US1150_.jpg","Man"
"n0002_0000187","https://b.cdnsbn.com/images/products/l/02842786801.jpg","biological peeling radiance gel, 50ml/1.7oz"
"n0001_0000345","https://images-eu.ssl-images-amazon.com/images/I/41Jm7dlxWLL._AC_US1150_.jpg","Gel nails"
